INSERT INTO author (author_name, author_id) VALUES ('Agatha Christie', '1');
INSERT INTO author (author_name, author_id) VALUES ('Albert Camus', '2');
INSERT INTO author (author_name, author_id) VALUES ('Albert Cohen', '3');
INSERT INTO author (author_name, author_id) VALUES ('Alex Michaelides', '4');
INSERT INTO author (author_name, author_id) VALUES ('Ali Hazelwood', '5');
INSERT INTO author (author_name, author_id) VALUES ('Allen Carr', '6');
INSERT INTO author (author_name, author_id) VALUES ('Ana Huang', '7');
INSERT INTO author (author_name, author_id) VALUES ('Andrzej Sapkowski', '8');
INSERT INTO author (author_name, author_id) VALUES ('Ashley Audrain', '9');
INSERT INTO author (author_name, author_id) VALUES ('Blandine Calais - Germain', '10');
INSERT INTO author (author_name, author_id) VALUES ('Blanka Lipinska', '11');
INSERT INTO author (author_name, author_id) VALUES ('Carlo Rovelli', '12');
INSERT INTO author (author_name, author_id) VALUES ('Clare Pooley', '13');
INSERT INTO author (author_name, author_id) VALUES ('Colleen Hoover', '14');
INSERT INTO author (author_name, author_id) VALUES ('Daniel Whiteson', '15');
INSERT INTO author (author_name, author_id) VALUES ('Delia Owens', '16');
INSERT INTO author (author_name, author_id) VALUES ('Denis Diderot', '17');
INSERT INTO author (author_name, author_id) VALUES ('Edmond Rostand', '18');
INSERT INTO author (author_name, author_id) VALUES ('Édouard Louis', '19');
INSERT INTO author (author_name, author_id) VALUES ('Elena Armas', '20');
INSERT INTO author (author_name, author_id) VALUES ('Francis Scott Fitzgerald', '21');
INSERT INTO author (author_name, author_id) VALUES ('Frank Herbert', '22');
INSERT INTO author (author_name, author_id) VALUES ('Gabriel García Márquez', '23');
INSERT INTO author (author_name, author_id) VALUES ('George Martin', '24');
INSERT INTO author (author_name, author_id) VALUES ('George Orwell', '25');
INSERT INTO author (author_name, author_id) VALUES ('George R. R. Martin', '26');
INSERT INTO author (author_name, author_id) VALUES ('Guy de Maupassant', '27');
INSERT INTO author (author_name, author_id) VALUES ('Hannah Grace', '28');
INSERT INTO author (author_name, author_id) VALUES ('Harper Lee', '29');
INSERT INTO author (author_name, author_id) VALUES ('Hiro Arikawa', '30');
INSERT INTO author (author_name, author_id) VALUES ('Holly Jackson', '31');
INSERT INTO author (author_name, author_id) VALUES ('J. R. R. Tolkien', '32');
INSERT INTO author (author_name, author_id) VALUES ('Jeanne Roques-Tesson', '33');
INSERT INTO author (author_name, author_id) VALUES ('Jen Gunter', '34');
INSERT INTO author (author_name, author_id) VALUES ('Jesper Juul', '35');
INSERT INTO author (author_name, author_id) VALUES ('Jorge Cham', '36');
INSERT INTO author (author_name, author_id) VALUES ('Julia Quinn', '37');
INSERT INTO author (author_name, author_id) VALUES ('Katie Mack', '38');
INSERT INTO author (author_name, author_id) VALUES ('Lauren Asher', '39');
INSERT INTO author (author_name, author_id) VALUES ('Leigh Bardugo', '40');
INSERT INTO author (author_name, author_id) VALUES ('Madeline Miller', '41');
INSERT INTO author (author_name, author_id) VALUES ('Marcel Proust', '42');
INSERT INTO author (author_name, author_id) VALUES ('Mathieu Menegaux', '43');
INSERT INTO author (author_name, author_id) VALUES ('Max Tegmark', '44');
INSERT INTO author (author_name, author_id) VALUES ('Michael Tsokos', '45');
INSERT INTO author (author_name, author_id) VALUES ('Michio Kaku', '46');
INSERT INTO author (author_name, author_id) VALUES ('Nicholas Christakis', '47');
INSERT INTO author (author_name, author_id) VALUES ('Nikos Kazantzakis', '48');
INSERT INTO author (author_name, author_id) VALUES ('Norman Ohler', '49');
INSERT INTO author (author_name, author_id) VALUES ('Ophelia Silk', '50');
INSERT INTO author (author_name, author_id) VALUES ('Osamu Dazai', '51');
INSERT INTO author (author_name, author_id) VALUES ('Pascal Boniface', '52');
INSERT INTO author (author_name, author_id) VALUES ('Paul Davies', '53');
INSERT INTO author (author_name, author_id) VALUES ('Penelope Douglas', '54');
INSERT INTO author (author_name, author_id) VALUES ('Richard Dawkins', '55');
INSERT INTO author (author_name, author_id) VALUES ('Sally Rooney', '56');
INSERT INTO author (author_name, author_id) VALUES ('Sebastian Fitzek', '57');
INSERT INTO author (author_name, author_id) VALUES ('Simone de Beauvoir', '58');
INSERT INTO author (author_name, author_id) VALUES ('Sophocle Didier Lamaison', '59');
INSERT INTO author (author_name, author_id) VALUES ('Soren Sveistrup', '60');
INSERT INTO author (author_name, author_id) VALUES ('Sorj Chalandon', '61');
INSERT INTO author (author_name, author_id) VALUES ('Sosuke Natsukawa', '62');
INSERT INTO author (author_name, author_id) VALUES ('Stephen King', '63');
INSERT INTO author (author_name, author_id) VALUES ('Taylor Jenkins Reid', '64');
INSERT INTO author (author_name, author_id) VALUES ('Terence Dickinson', '65');
INSERT INTO author (author_name, author_id) VALUES ('Thierry Bourcy', '66');
INSERT INTO author (author_name, author_id) VALUES ('Tillie Cole', '67');
INSERT INTO author (author_name, author_id) VALUES ('Victor Hugo', '68');
INSERT INTO author (author_name, author_id) VALUES ('Victoria Hislop', '69');
INSERT INTO author (author_name, author_id) VALUES ('Wilhelm Reich', '70');
INSERT INTO author (author_name, author_id) VALUES ('Αγγελική Νικολούλη', '71');
INSERT INTO author (author_name, author_id) VALUES ('Αριστείδης Σ. Μπούρας', '72');
INSERT INTO author (author_name, author_id) VALUES ('Αύγουστος Κορτώ', '73');
INSERT INTO author (author_name, author_id) VALUES ('Βαγγέλης Νάτσος', '74');
INSERT INTO author (author_name, author_id) VALUES ('Γιάννης Θ. Κάππας', '75');
INSERT INTO author (author_name, author_id) VALUES ('Δημοσθένης Παπαμάρκος', '76');
INSERT INTO author (author_name, author_id) VALUES ('Διονύσης Π. Σιμόπουλος', '77');
INSERT INTO author (author_name, author_id) VALUES ('Έλενα Ακρίτα', '78');
INSERT INTO author (author_name, author_id) VALUES ('Ευαγγελία Γιάννου', '79');
INSERT INTO author (author_name, author_id) VALUES ('Κωνσταντίνος Σ. Χριστόπουλος', '80');
INSERT INTO author (author_name, author_id) VALUES ('Κωνσταντίνος Τσιπλίδης', '81');
INSERT INTO author (author_name, author_id) VALUES ('Λένα Μαντά', '82');
INSERT INTO author (author_name, author_id) VALUES ('Μανώλης Ανδριωτάκης', '83');
INSERT INTO author (author_name, author_id) VALUES ('Μελίνα Τσαμπάνη', '84');
INSERT INTO author (author_name, author_id) VALUES ('Μίλτος Αντωνιάδης', '85');
INSERT INTO author (author_name, author_id) VALUES ('Νεφέλη Μεγκ', '86');
INSERT INTO author (author_name, author_id) VALUES ('Νικόλαος Ε. Σαμαράς', '87');
INSERT INTO author (author_name, author_id) VALUES ('Νίκος Καββαδίας', '88');
INSERT INTO author (author_name, author_id) VALUES ('Νίκος Καζαντζάκης', '89');
INSERT INTO author (author_name, author_id) VALUES ('Νίκος Μ. Χατζηγιαννάκης', '90');
INSERT INTO author (author_name, author_id) VALUES ('Πάνος Δημάκης', '91');
INSERT INTO author (author_name, author_id) VALUES ('Πέτρος Μάρκαρης', '92');
INSERT INTO author (author_name, author_id) VALUES ('Πέτρος Παπακωνσταντίνου', '93');
INSERT INTO author (author_name, author_id) VALUES ('Πηνειώ Κ. Χριστοδούλου', '94');
INSERT INTO author (author_name, author_id) VALUES ('Ρένα Ρώσση - Ζαΐρη', '95');
INSERT INTO author (author_name, author_id) VALUES ('Σπύρος Πετρουλάκης', '96');
INSERT INTO author (author_name, author_id) VALUES ('Σταύρος Κ. Αρχοντάκης', '97');
INSERT INTO author (author_name, author_id) VALUES ('Χάρης Καραθύμιος', '98');
INSERT INTO author (author_name, author_id) VALUES ('Χρήστος Μπαρουξής', '99');
/*book_author*/
INSERT INTO book_author (ISBN, author_id) VALUES ('9786180128154', '1');
INSERT INTO book_author (ISBN, author_id) VALUES ('9782070360420', '2');
INSERT INTO book_author (ISBN, author_id) VALUES ('9782070337774', '2');
INSERT INTO book_author (ISBN, author_id) VALUES ('9782070379156', '3');
INSERT INTO book_author (ISBN, author_id) VALUES ('9789606057564', '4');
INSERT INTO book_author (ISBN, author_id) VALUES ('9781408725764', '5');
INSERT INTO book_author (ISBN, author_id) VALUES ('9789607872098', '6');
INSERT INTO book_author (ISBN, author_id) VALUES ('9780349434278', '7');
INSERT INTO book_author (ISBN, author_id) VALUES ('9780349434285', '7');
INSERT INTO book_author (ISBN, author_id) VALUES ('9780349434339', '7');
INSERT INTO book_author (ISBN, author_id) VALUES ('9780349436326', '7');
INSERT INTO book_author (ISBN, author_id) VALUES ('9781087886657', '7');
INSERT INTO book_author (ISBN, author_id) VALUES ('9786185049782', '8');
INSERT INTO book_author (ISBN, author_id) VALUES ('9786180325928', '9');
INSERT INTO book_author (ISBN, author_id) VALUES ('9789602781906', '10');
INSERT INTO book_author (ISBN, author_id) VALUES ('9781398505964', '11');
INSERT INTO book_author (ISBN, author_id) VALUES ('9789601680910', '12');
INSERT INTO book_author (ISBN, author_id) VALUES ('9786180320459', '13');
INSERT INTO book_author (ISBN, author_id) VALUES ('9781542025607', '14');
INSERT INTO book_author (ISBN, author_id) VALUES ('9781542016421', '14');
INSERT INTO book_author (ISBN, author_id) VALUES ('9781471154621', '14');
INSERT INTO book_author (ISBN, author_id) VALUES ('9781398518179', '14');
INSERT INTO book_author (ISBN, author_id) VALUES ('9781398519732', '14');
INSERT INTO book_author (ISBN, author_id) VALUES ('9781471136726', '14');
INSERT INTO book_author (ISBN, author_id) VALUES ('9781471148590', '14');
INSERT INTO book_author (ISBN, author_id) VALUES ('9789605245979', '15');
INSERT INTO book_author (ISBN, author_id) VALUES ('9786188445901', '16');
INSERT INTO book_author (ISBN, author_id) VALUES ('9782072830259', '17');
INSERT INTO book_author (ISBN, author_id) VALUES ('9782070409310', '18');
INSERT INTO book_author (ISBN, author_id) VALUES ('9782757880579', '19');
INSERT INTO book_author (ISBN, author_id) VALUES ('9781398515642', '20');
INSERT INTO book_author (ISBN, author_id) VALUES ('9782070445318', '21');
INSERT INTO book_author (ISBN, author_id) VALUES ('9789606232237', '22');
INSERT INTO book_author (ISBN, author_id) VALUES ('9780575070707', '22');
INSERT INTO book_author (ISBN, author_id) VALUES ('9786180130782', '23');
INSERT INTO book_author (ISBN, author_id) VALUES ('9782290319956', '24');
INSERT INTO book_author (ISBN, author_id) VALUES ('9780008322052', '25');
INSERT INTO book_author (ISBN, author_id) VALUES ('9780008402785', '26');
INSERT INTO book_author (ISBN, author_id) VALUES ('9782070458202', '27');
INSERT INTO book_author (ISBN, author_id) VALUES ('9781398525689', '28');
INSERT INTO book_author (ISBN, author_id) VALUES ('9780099549482', '29');
INSERT INTO book_author (ISBN, author_id) VALUES ('9786180210934', '30');
INSERT INTO book_author (ISBN, author_id) VALUES ('9781405298605', '31');
INSERT INTO book_author (ISBN, author_id) VALUES ('9780008260187', '32');
INSERT INTO book_author (ISBN, author_id) VALUES ('9786185369422', '33');
INSERT INTO book_author (ISBN, author_id) VALUES ('9786180328639', '34');
INSERT INTO book_author (ISBN, author_id) VALUES ('9786188413306', '35');
INSERT INTO book_author (ISBN, author_id) VALUES ('9789605245979', '36');
INSERT INTO book_author (ISBN, author_id) VALUES ('9780349429472', '37');
INSERT INTO book_author (ISBN, author_id) VALUES ('9780349429212', '37');
INSERT INTO book_author (ISBN, author_id) VALUES ('9786180320701', '38');
INSERT INTO book_author (ISBN, author_id) VALUES ('9780349433448', '39');
INSERT INTO book_author (ISBN, author_id) VALUES ('9780349433479', '39');
INSERT INTO book_author (ISBN, author_id) VALUES ('9780349433455', '39');
INSERT INTO book_author (ISBN, author_id) VALUES ('9781473227989', '40');
INSERT INTO book_author (ISBN, author_id) VALUES ('9781526648174', '41');
INSERT INTO book_author (ISBN, author_id) VALUES ('9781408891384', '41');
INSERT INTO book_author (ISBN, author_id) VALUES ('9782070381357', '42');
INSERT INTO book_author (ISBN, author_id) VALUES ('9782757860090', '43');
INSERT INTO book_author (ISBN, author_id) VALUES ('9786185061050', '44');
INSERT INTO book_author (ISBN, author_id) VALUES ('9789606530326', '45');
INSERT INTO book_author (ISBN, author_id) VALUES ('9786185061289', '46');
INSERT INTO book_author (ISBN, author_id) VALUES ('9789603820123', '47');
INSERT INTO book_author (ISBN, author_id) VALUES ('9782366245400', '48');
INSERT INTO book_author (ISBN, author_id) VALUES ('9786180311105', '49');
INSERT INTO book_author (ISBN, author_id) VALUES ('9789606208904', '50');
INSERT INTO book_author (ISBN, author_id) VALUES ('9780811204811', '51');
INSERT INTO book_author (ISBN, author_id) VALUES ('9789606353635', '52');
INSERT INTO book_author (ISBN, author_id) VALUES ('9789604847549', '53');
INSERT INTO book_author (ISBN, author_id) VALUES ('9781518783876', '54');
INSERT INTO book_author (ISBN, author_id) VALUES ('9781539427766', '54');
INSERT INTO book_author (ISBN, author_id) VALUES ('9786185111656', '55');
INSERT INTO book_author (ISBN, author_id) VALUES ('9780571334650', '56');
INSERT INTO book_author (ISBN, author_id) VALUES ('9789606054471', '57');
INSERT INTO book_author (ISBN, author_id) VALUES ('9789606530302', '57');
INSERT INTO book_author (ISBN, author_id) VALUES ('9786180328288', '58');
INSERT INTO book_author (ISBN, author_id) VALUES ('9782070793570', '59');
INSERT INTO book_author (ISBN, author_id) VALUES ('9789606530777', '60');
INSERT INTO book_author (ISBN, author_id) VALUES ('9782253179825', '61');
INSERT INTO book_author (ISBN, author_id) VALUES ('9786180141719', '62');
INSERT INTO book_author (ISBN, author_id) VALUES ('9789604618323', '63');
INSERT INTO book_author (ISBN, author_id) VALUES ('9789606450099', '63');
INSERT INTO book_author (ISBN, author_id) VALUES ('9789605213121', '64');
INSERT INTO book_author (ISBN, author_id) VALUES ('9781398515697', '64');
INSERT INTO book_author (ISBN, author_id) VALUES ('9789609453110', '65');
INSERT INTO book_author (ISBN, author_id) VALUES ('9782264071774', '66');
INSERT INTO book_author (ISBN, author_id) VALUES ('9781405955317', '67');
INSERT INTO book_author (ISBN, author_id) VALUES ('9782072730672', '68');
INSERT INTO book_author (ISBN, author_id) VALUES ('9782253194422', '69');
INSERT INTO book_author (ISBN, author_id) VALUES ('9782253934912', '69');
INSERT INTO book_author (ISBN, author_id) VALUES ('9786180201833', '70');
INSERT INTO book_author (ISBN, author_id) VALUES ('9789600368215', '71');
INSERT INTO book_author (ISBN, author_id) VALUES ('9789604618040', '72');
INSERT INTO book_author (ISBN, author_id) VALUES ('9786180704648', '73');
INSERT INTO book_author (ISBN, author_id) VALUES ('9789606209062', '74');
INSERT INTO book_author (ISBN, author_id) VALUES ('9789604618040', '75');
INSERT INTO book_author (ISBN, author_id) VALUES ('9789601687582', '76');
INSERT INTO book_author (ISBN, author_id) VALUES ('9789604367320', '77');
INSERT INTO book_author (ISBN, author_id) VALUES ('9789606531668', '78');
INSERT INTO book_author (ISBN, author_id) VALUES ('9789601436517', '79');
INSERT INTO book_author (ISBN, author_id) VALUES ('9789606120121', '80');
INSERT INTO book_author (ISBN, author_id) VALUES ('9789605863128', '81');
INSERT INTO book_author (ISBN, author_id) VALUES ('9786180147964', '82');
INSERT INTO book_author (ISBN, author_id) VALUES ('9786180137644', '82');
INSERT INTO book_author (ISBN, author_id) VALUES ('9786180142945', '83');
INSERT INTO book_author (ISBN, author_id) VALUES ('9789606430435', '84');
INSERT INTO book_author (ISBN, author_id) VALUES ('9786188468399', '85');
INSERT INTO book_author (ISBN, author_id) VALUES ('9786182150986', '86');
INSERT INTO book_author (ISBN, author_id) VALUES ('9789605863128', '87');
INSERT INTO book_author (ISBN, author_id) VALUES ('9782070359479', '88');
INSERT INTO book_author (ISBN, author_id) VALUES ('9782330117153', '89');
INSERT INTO book_author (ISBN, author_id) VALUES ('9782330128364', '89');
INSERT INTO book_author (ISBN, author_id) VALUES ('9782330151058', '89');
INSERT INTO book_author (ISBN, author_id) VALUES ('9782330087173', '89');
INSERT INTO book_author (ISBN, author_id) VALUES ('9788416011728', '89');
INSERT INTO book_author (ISBN, author_id) VALUES ('9789604617159', '90');
INSERT INTO book_author (ISBN, author_id) VALUES ('9789606280894', '91');
INSERT INTO book_author (ISBN, author_id) VALUES ('9782757877029', '92');
INSERT INTO book_author (ISBN, author_id) VALUES ('9782757889930', '92');
INSERT INTO book_author (ISBN, author_id) VALUES ('9789601435459', '93');
INSERT INTO book_author (ISBN, author_id) VALUES ('9789606120121', '94');
INSERT INTO book_author (ISBN, author_id) VALUES ('9786180137798', '95');
INSERT INTO book_author (ISBN, author_id) VALUES ('9786180212730', '96');
INSERT INTO book_author (ISBN, author_id) VALUES ('9786180217780', '96');
INSERT INTO book_author (ISBN, author_id) VALUES ('9789606452420', '97');
INSERT INTO book_author (ISBN, author_id) VALUES ('9789601436630', '98');
INSERT INTO book_author (ISBN, author_id) VALUES ('9789606538476', '99');


/*category*/
INSERT INTO category (category_name, category_id) VALUES ('Folio', '1');
INSERT INTO category (category_name, category_id) VALUES ('Ανατομία', '2');
INSERT INTO category (category_name, category_id) VALUES ('Ανθρωπολογία - Εθνολογία', '3');
INSERT INTO category (category_name, category_id) VALUES ('Αστρονομία', '4');
INSERT INTO category (category_name, category_id) VALUES ('Αστυνομική Λογοτεχνία', '5');
INSERT INTO category (category_name, category_id) VALUES ('Βιολογία Φυσικών Επιστημών', '6');
INSERT INTO category (category_name, category_id) VALUES ('Γυναίκα', '7');
INSERT INTO category (category_name, category_id) VALUES ('Δίκαιο - Δικαιώματα', '8');
INSERT INTO category (category_name, category_id) VALUES ('Επιστημονική Φαντασία', '9');
INSERT INTO category (category_name, category_id) VALUES ('Ερωτική - Αισθηματική Λογοτεχνία', '10');
INSERT INTO category (category_name, category_id) VALUES ('Θετικές Επιστήμες', '11');
INSERT INTO category (category_name, category_id) VALUES ('Ιατρική - Θεραπείες', '12');
INSERT INTO category (category_name, category_id) VALUES ('Ιστορικό Μυθιστόρημα', '13');
INSERT INTO category (category_name, category_id) VALUES ('Κλασική Λογοτεχνία', '14');
INSERT INTO category (category_name, category_id) VALUES ('Κοινωνική Λογοτεχνία', '15');
INSERT INTO category (category_name, category_id) VALUES ('Κοινωνιολογία', '16');
INSERT INTO category (category_name, category_id) VALUES ('Κοσμολογία', '17');
INSERT INTO category (category_name, category_id) VALUES ('Λογική', '18');
INSERT INTO category (category_name, category_id) VALUES ('Λογοτεχνία του Φανταστικού', '19');
INSERT INTO category (category_name, category_id) VALUES ('Λογοτεχνία Τρόμου', '20');
INSERT INTO category (category_name, category_id) VALUES ('Μαθηματικά Θετικών Επιστημών', '21');
INSERT INTO category (category_name, category_id) VALUES ('Πολιτικές Επιστήμες', '22');
INSERT INTO category (category_name, category_id) VALUES ('Πολιτισμός', '23');
INSERT INTO category (category_name, category_id) VALUES ('Ταξιδιωτική Λογοτεχνία', '24');
INSERT INTO category (category_name, category_id) VALUES ('Τεχνολογία', '25');
INSERT INTO category (category_name, category_id) VALUES ('Υπολογιστές - Πληροφορική', '26');
INSERT INTO category (category_name, category_id) VALUES ('Φαρμακευτική', '27');
INSERT INTO category (category_name, category_id) VALUES ('Φυσική Θετικών Επιστημών', '28');

INSERT INTO book_category (category_id, ISBN) VALUES ('1', '9782070359479');
INSERT INTO book_category (category_id, ISBN) VALUES ('2', '9789602781906');
INSERT INTO book_category (category_id, ISBN) VALUES ('3', '9786180201833');
INSERT INTO book_category (category_id, ISBN) VALUES ('3', '9786188413306');
INSERT INTO book_category (category_id, ISBN) VALUES ('3', '9789606538476');
INSERT INTO book_category (category_id, ISBN) VALUES ('4', '9789604367320');
INSERT INTO book_category (category_id, ISBN) VALUES ('4', '9789604847549');
INSERT INTO book_category (category_id, ISBN) VALUES ('4', '9789605245979');
INSERT INTO book_category (category_id, ISBN) VALUES ('4', '9789609453110');
INSERT INTO book_category (category_id, ISBN) VALUES ('5', '9782070381357');
INSERT INTO book_category (category_id, ISBN) VALUES ('5', '9782070793570');
INSERT INTO book_category (category_id, ISBN) VALUES ('5', '9782253179825');
INSERT INTO book_category (category_id, ISBN) VALUES ('5', '9782264071774');
INSERT INTO book_category (category_id, ISBN) VALUES ('5', '9782757877029');
INSERT INTO book_category (category_id, ISBN) VALUES ('5', '9782757889930');
INSERT INTO book_category (category_id, ISBN) VALUES ('5', '9786180128154');
INSERT INTO book_category (category_id, ISBN) VALUES ('5', '9786180325928');
INSERT INTO book_category (category_id, ISBN) VALUES ('5', '9789600368215');
INSERT INTO book_category (category_id, ISBN) VALUES ('5', '9789601436517');
INSERT INTO book_category (category_id, ISBN) VALUES ('5', '9789601436630');
INSERT INTO book_category (category_id, ISBN) VALUES ('5', '9789606054471');
INSERT INTO book_category (category_id, ISBN) VALUES ('5', '9789606057564');
INSERT INTO book_category (category_id, ISBN) VALUES ('5', '9789606530302');
INSERT INTO book_category (category_id, ISBN) VALUES ('5', '9789606530326');
INSERT INTO book_category (category_id, ISBN) VALUES ('5', '9789606530777');
INSERT INTO book_category (category_id, ISBN) VALUES ('6', '9786185111656');
INSERT INTO book_category (category_id, ISBN) VALUES ('7', '9786180328288');
INSERT INTO book_category (category_id, ISBN) VALUES ('8', '9786182150986');
INSERT INTO book_category (category_id, ISBN) VALUES ('9', '9780575070707');
INSERT INTO book_category (category_id, ISBN) VALUES ('9', '9789606232237');
INSERT INTO book_category (category_id, ISBN) VALUES ('10', '9780349429212');
INSERT INTO book_category (category_id, ISBN) VALUES ('10', '9780349429472');
INSERT INTO book_category (category_id, ISBN) VALUES ('10', '9780349433448');
INSERT INTO book_category (category_id, ISBN) VALUES ('10', '9780349433455');
INSERT INTO book_category (category_id, ISBN) VALUES ('10', '9780349433479');
INSERT INTO book_category (category_id, ISBN) VALUES ('10', '9780349434278');
INSERT INTO book_category (category_id, ISBN) VALUES ('10', '9780349434285');
INSERT INTO book_category (category_id, ISBN) VALUES ('10', '9780349434339');
INSERT INTO book_category (category_id, ISBN) VALUES ('10', '9781087886657');
INSERT INTO book_category (category_id, ISBN) VALUES ('10', '9781398505964');
INSERT INTO book_category (category_id, ISBN) VALUES ('10', '9781398515642');
INSERT INTO book_category (category_id, ISBN) VALUES ('10', '9781398515697');
INSERT INTO book_category (category_id, ISBN) VALUES ('10', '9781398518179');
INSERT INTO book_category (category_id, ISBN) VALUES ('10', '9781398519732');
INSERT INTO book_category (category_id, ISBN) VALUES ('10', '9781398525689');
INSERT INTO book_category (category_id, ISBN) VALUES ('10', '9781405955317');
INSERT INTO book_category (category_id, ISBN) VALUES ('10', '9781408725764');
INSERT INTO book_category (category_id, ISBN) VALUES ('10', '9781471136726');
INSERT INTO book_category (category_id, ISBN) VALUES ('10', '9781471148590');
INSERT INTO book_category (category_id, ISBN) VALUES ('10', '9781471154621');
INSERT INTO book_category (category_id, ISBN) VALUES ('10', '9781518783876');
INSERT INTO book_category (category_id, ISBN) VALUES ('10', '9781539427766');
INSERT INTO book_category (category_id, ISBN) VALUES ('10', '9781542016421');
INSERT INTO book_category (category_id, ISBN) VALUES ('10', '9781542025607');
INSERT INTO book_category (category_id, ISBN) VALUES ('10', '9789605213121');
INSERT INTO book_category (category_id, ISBN) VALUES ('10', '9789606208904');
INSERT INTO book_category (category_id, ISBN) VALUES ('11', '9789606120121');
INSERT INTO book_category (category_id, ISBN) VALUES ('12', '9786180328639');
INSERT INTO book_category (category_id, ISBN) VALUES ('12', '9789607872098');
INSERT INTO book_category (category_id, ISBN) VALUES ('13', '9781408891384');
INSERT INTO book_category (category_id, ISBN) VALUES ('13', '9782070409310');
INSERT INTO book_category (category_id, ISBN) VALUES ('13', '9782072830259');
INSERT INTO book_category (category_id, ISBN) VALUES ('13', '9782253934912');
INSERT INTO book_category (category_id, ISBN) VALUES ('13', '9782757880579');
INSERT INTO book_category (category_id, ISBN) VALUES ('13', '9789606430435');
INSERT INTO book_category (category_id, ISBN) VALUES ('14', '9780008322052');
INSERT INTO book_category (category_id, ISBN) VALUES ('14', '9780099549482');
INSERT INTO book_category (category_id, ISBN) VALUES ('14', '9782070337774');
INSERT INTO book_category (category_id, ISBN) VALUES ('14', '9782070360420');
INSERT INTO book_category (category_id, ISBN) VALUES ('14', '9782070379156');
INSERT INTO book_category (category_id, ISBN) VALUES ('14', '9782070445318');
INSERT INTO book_category (category_id, ISBN) VALUES ('14', '9782070458202');
INSERT INTO book_category (category_id, ISBN) VALUES ('14', '9782072730672');
INSERT INTO book_category (category_id, ISBN) VALUES ('14', '9782253194422');
INSERT INTO book_category (category_id, ISBN) VALUES ('14', '9782330087173');
INSERT INTO book_category (category_id, ISBN) VALUES ('14', '9782330117153');
INSERT INTO book_category (category_id, ISBN) VALUES ('14', '9782330128364');
INSERT INTO book_category (category_id, ISBN) VALUES ('14', '9782330151058');
INSERT INTO book_category (category_id, ISBN) VALUES ('14', '9782366245400');
INSERT INTO book_category (category_id, ISBN) VALUES ('14', '9786180130782');
INSERT INTO book_category (category_id, ISBN) VALUES ('14', '9788416011728');
INSERT INTO book_category (category_id, ISBN) VALUES ('15', '9786180147964');
INSERT INTO book_category (category_id, ISBN) VALUES ('15', '9786180704648');
INSERT INTO book_category (category_id, ISBN) VALUES ('16', '9786180311105');
INSERT INTO book_category (category_id, ISBN) VALUES ('16', '9789603820123');
INSERT INTO book_category (category_id, ISBN) VALUES ('17', '9786180320701');
INSERT INTO book_category (category_id, ISBN) VALUES ('18', '9789601680910');
INSERT INTO book_category (category_id, ISBN) VALUES ('19', '9780008260187');
INSERT INTO book_category (category_id, ISBN) VALUES ('19', '9780008402785');
INSERT INTO book_category (category_id, ISBN) VALUES ('19', '9780571334650');
INSERT INTO book_category (category_id, ISBN) VALUES ('19', '9781473227989');
INSERT INTO book_category (category_id, ISBN) VALUES ('19', '9781526648174');
INSERT INTO book_category (category_id, ISBN) VALUES ('19', '9782290319956');
INSERT INTO book_category (category_id, ISBN) VALUES ('19', '9786185049782');
INSERT INTO book_category (category_id, ISBN) VALUES ('20', '9782757860090');
INSERT INTO book_category (category_id, ISBN) VALUES ('20', '9789604618323');
INSERT INTO book_category (category_id, ISBN) VALUES ('20', '9789606450099');
INSERT INTO book_category (category_id, ISBN) VALUES ('21', '9786185061050');
INSERT INTO book_category (category_id, ISBN) VALUES ('22', '9781405298605');
INSERT INTO book_category (category_id, ISBN) VALUES ('23', '9789606353635');
INSERT INTO book_category (category_id, ISBN) VALUES ('24', '9789601435459');
INSERT INTO book_category (category_id, ISBN) VALUES ('25', '9786185369422');
INSERT INTO book_category (category_id, ISBN) VALUES ('26', '9782757860090');
INSERT INTO book_category (category_id, ISBN) VALUES ('26', '9786180142945');
INSERT INTO book_category (category_id, ISBN) VALUES ('26', '9789604367320');
INSERT INTO book_category (category_id, ISBN) VALUES ('26', '9789604847549');
INSERT INTO book_category (category_id, ISBN) VALUES ('26', '9789605245979');
INSERT INTO book_category (category_id, ISBN) VALUES ('26', '9789609453110');
INSERT INTO book_category (category_id, ISBN) VALUES ('27', '9789604617159');
INSERT INTO book_category (category_id, ISBN) VALUES ('27', '9789604618040');
INSERT INTO book_category (category_id, ISBN) VALUES ('27', '9789605863128');
INSERT INTO book_category (category_id, ISBN) VALUES ('28', '9789606452420');
